Entity1,Entity2,Similarity,Relatedness
Ontology,Concept,0.0,0.26245542539726946
Ontology,Modular_programming,0.0,0
Ontology,Measurement,0.0,0.4562111995345642
Ontology,Homogeneity_and_heterogeneity,0.0,0.4412021853103021
Ontology,Experiment,0.0,0.38343141678153647
Ontology,Evaluation,0.0,0.3745507122329532
Ontology,Subroutine,0.0,0.6768977378224198
Ontology,Computation,0.0,0.4725370849388252
Ontology,Data_mapping,0.0,0
Ontology,Graph_theory,0.0,0.48389319326293356
Ontology,Ranker,0.0,0
Ontology,Business_process,0.0,0.5044789088109516
Ontology,Coupling_constant,0.0,0.5142381300360891
Ontology,Data_set,0.0,0
Ontology,Enterprise_application_integration,0.0,0
Ontology,Hydrogen,0.0,0.6225109686859672
Ontology,Mathematical_optimization,0.0,0.4804814851961705
Ontology,Natural_number,0.0,0.4633688606134693
Ontology,Scientific_literature,0.0,0
Ontology,Semantic_similarity,0.0,0.4445474226017879
Ontology,Upper_ontology,0.0,0.34146675021976153
Ontology,Centrality,0.0,0
Ontology,Domain_of_a_function,0.0,0
Ontology,Group_cohesiveness,0.0,0
Ontology,Problem_solving,0.0,0.43293546217109397
Ontology,Similarity_measure,0.0,0
Ontology,Analysis_of_algorithms,0.0,0
Ontology,Base_pair,0.0,0
Ontology,Binary_relation,0.0,0.44755084481695495
Ontology,Command_and_control,0.0,0
Ontology,Complexity,0.0,0.3819977452168073
Ontology,Dimension,0.0,0.40201845700276434
Ontology,Effect_size,0.0,0
Ontology,Film_score,0.0,0
Ontology,Individual,0.0,0.33133796049967146
Ontology,Landing_Craft_Support,0.0,0
Ontology,Master_of_Science,0.0,0
Ontology,Ontology_engineering,0.0,0.386119529234076
Ontology,Optimization_problem,0.0,0.5621938195753401
Ontology,Sect,0.0,0.44420988218719293
Ontology,Smoothness,0.0,0
Ontology,Statistical_hypothesis_testing,0.0,0.4494905513526318
Ontology,Step_function,0.0,0
Ontology,Total_order,0.0,0
Ontology,United_Nations_Convention_on_the_Law_of_the_Sea,0.0,0.6630197159602699
Ontology,Wealth,0.0,0.4914528633784155
Ontology,Academic_conference,0.0,0
Ontology,Academic_publishing,0.0,0.6944357813930034
Ontology,Algorithm,0.0,0.48788455146626997
Concept,Modular_programming,0.0,0
Concept,Measurement,0.0,0.3967586479847732
Concept,Homogeneity_and_heterogeneity,0.0,0.49078220250874116
Concept,Experiment,0.0,0.3756086819931394
Concept,Evaluation,0.0,0.3958338973221929
Concept,Subroutine,0.0,0
Concept,Computation,0.0,0.4594335430760645
Concept,Data_mapping,0.0,0.5025778440417252
Concept,Graph_theory,0.0,0.4011285718644189
Concept,Ranker,0.0,0
Concept,Business_process,0.0,0.5086501957754257
Concept,Coupling_constant,0.0,0.5434256940325272
Concept,Data_set,0.0,0
Concept,Enterprise_application_integration,0.0,0
Concept,Hydrogen,0.0,0.718828006222015
Concept,Mathematical_optimization,0.0,0.4286033124828221
Concept,Natural_number,0.0,0.3729906852810972
Concept,Scientific_literature,0.0,0.4947455033761401
Concept,Semantic_similarity,0.0,0
Concept,Upper_ontology,0.0,0.3420989485662476
Concept,Centrality,0.0,0
Concept,Domain_of_a_function,0.0,0.45667681966320883
Concept,Group_cohesiveness,0.0,0.5382333382282749
Concept,Problem_solving,0.0,0.3464229399403166
Concept,Similarity_measure,0.0,0
Concept,Analysis_of_algorithms,0.0,0
Concept,Base_pair,0.0,0
Concept,Binary_relation,0.0,0.49784429149966886
Concept,Command_and_control,0.0,0
Concept,Complexity,0.0,0.38647711959908404
Concept,Dimension,0.0,0.3779237538064992
Concept,Effect_size,0.0,0.5582697028746616
Concept,Film_score,0.0,0
Concept,Individual,0.0,0.3320803086504561
Concept,Landing_Craft_Support,0.0,0
Concept,Master_of_Science,0.0,0
Concept,Ontology_engineering,0.0,0.3841212979673625
Concept,Optimization_problem,0.0,0.5312979031414464
Concept,Sect,0.0,0.4901226523542834
Concept,Smoothness,0.0,0.5337069491992655
Concept,Statistical_hypothesis_testing,0.0,0.4326983799488555
Concept,Step_function,0.0,0.4355699230584312
Concept,Total_order,0.0,0.4900221830687889
Concept,United_Nations_Convention_on_the_Law_of_the_Sea,0.0,0
Concept,Wealth,0.0,0.48890951500215846
Concept,Academic_conference,0.0,0.6465808655121768
Concept,Academic_publishing,0.0,0.539917112386306
Concept,Algorithm,0.0,0.45275276658387453
Modular_programming,Measurement,0.0,0
Modular_programming,Homogeneity_and_heterogeneity,0.0,0
Modular_programming,Experiment,0.13273809523809524,0
Modular_programming,Evaluation,0.0,0
Modular_programming,Subroutine,0.0,0.15792395912612447
Modular_programming,Computation,0.0,0.42600335750938484
Modular_programming,Data_mapping,0.10282828282828282,0.3617509845068925
Modular_programming,Graph_theory,0.1148845598845599,0.4863816901107823
Modular_programming,Ranker,0.0,0
Modular_programming,Business_process,0.1148845598845599,0.47630044381783254
Modular_programming,Coupling_constant,0.1987847553532644,0
Modular_programming,Data_set,0.21803001835466437,0.47204057171671204
Modular_programming,Enterprise_application_integration,0.0,0.4099656704521448
Modular_programming,Hydrogen,0.0,0
Modular_programming,Mathematical_optimization,0.0,0.5292823889312752
Modular_programming,Natural_number,0.0,0.5259647270846775
Modular_programming,Scientific_literature,0.1487531678670116,0
Modular_programming,Semantic_similarity,0.12658681333239258,0
Modular_programming,Upper_ontology,0.0,0
Modular_programming,Centrality,0.0,0
Modular_programming,Domain_of_a_function,0.0,0
Modular_programming,Group_cohesiveness,0.21174053291708034,0
Modular_programming,Problem_solving,0.0,0
Modular_programming,Similarity_measure,0.1427939882834476,0
Modular_programming,Analysis_of_algorithms,0.15777360347905844,0.41267626636246413
Modular_programming,Base_pair,0.0,0
Modular_programming,Binary_relation,0.0,0
Modular_programming,Command_and_control,0.0,0
Modular_programming,Complexity,0.0,0.5136616468907697
Modular_programming,Dimension,0.0,0
Modular_programming,Effect_size,0.26778448435811963,0
Modular_programming,Film_score,0.18154166403598443,0
Modular_programming,Individual,0.0,0
Modular_programming,Landing_Craft_Support,0.31997624893715226,0
Modular_programming,Master_of_Science,0.1487531678670116,0
Modular_programming,Ontology_engineering,0.0,0.4315427019597464
Modular_programming,Optimization_problem,0.1987847553532644,0
Modular_programming,Sect,0.0,0
Modular_programming,Smoothness,0.38371025514674284,0
Modular_programming,Statistical_hypothesis_testing,0.16515257893055224,0
Modular_programming,Step_function,0.4470330727524964,0
Modular_programming,Total_order,0.0,0
Modular_programming,United_Nations_Convention_on_the_Law_of_the_Sea,0.1487531678670116,0
Modular_programming,Wealth,0.0,0
Modular_programming,Academic_conference,0.15225195003672964,0.5622623983680206
Modular_programming,Academic_publishing,0.0,0
Modular_programming,Algorithm,0.1148845598845599,0.41290310112255313
Measurement,Homogeneity_and_heterogeneity,0.0,0.4868840313555912
Measurement,Experiment,0.0,0.2997632906738616
Measurement,Evaluation,0.0,0.33455916716984024
Measurement,Subroutine,0.0,0.4986767800513606
Measurement,Computation,0.0,0.521463330282971
Measurement,Data_mapping,0.0,0
Measurement,Graph_theory,0.0,0.44951156623202426
Measurement,Ranker,0.0,0
Measurement,Business_process,0.0,0.44054497054668257
Measurement,Coupling_constant,0.0,0.41801475266640814
Measurement,Data_set,0.0,0.3096205724027839
Measurement,Enterprise_application_integration,0.0,0
Measurement,Hydrogen,0.0,0.5324692461753733
Measurement,Mathematical_optimization,0.0,0.4107310021812887
Measurement,Natural_number,0.0,0.32785072188139114
Measurement,Scientific_literature,0.0,0.4232332414514774
Measurement,Semantic_similarity,0.0,0
Measurement,Upper_ontology,0.0,0
Measurement,Centrality,0.0,0
Measurement,Domain_of_a_function,0.0,0.48908363946856626
Measurement,Group_cohesiveness,0.0,0
Measurement,Problem_solving,0.0,0.32397621674197347
Measurement,Similarity_measure,0.0,0.44281311353268354
Measurement,Analysis_of_algorithms,0.0,0
Measurement,Base_pair,0.0,0.4643670254629724
Measurement,Binary_relation,0.0,0.3945063561901974
Measurement,Command_and_control,0.0,0
Measurement,Complexity,0.0,0.38213862952963096
Measurement,Dimension,0.0,0.32124308314874367
Measurement,Effect_size,0.0,0.3669838692679734
Measurement,Film_score,0.0,0
Measurement,Individual,0.0,0.38673025296327634
Measurement,Landing_Craft_Support,0.0,0
Measurement,Master_of_Science,0.0,0.6717879132478125
Measurement,Ontology_engineering,0.0,0
Measurement,Optimization_problem,0.0,0.46811788759219103
Measurement,Sect,0.0,0.5562958873933875
Measurement,Smoothness,0.0,0
Measurement,Statistical_hypothesis_testing,0.0,0.34599089538070626
Measurement,Step_function,0.0,0.4321102904544639
Measurement,Total_order,0.0,0.38830788902389646
Measurement,United_Nations_Convention_on_the_Law_of_the_Sea,0.0,0.5520718621591018
Measurement,Wealth,0.0,0.6003198295058688
Measurement,Academic_conference,0.0,0.4678688624964363
Measurement,Academic_publishing,0.0,0.41166198571705537
Measurement,Algorithm,0.0,0.4503623622740366
Homogeneity_and_heterogeneity,Experiment,0.0,0.37408129371016813
Homogeneity_and_heterogeneity,Evaluation,0.0,0.39928741702504067
Homogeneity_and_heterogeneity,Subroutine,0.0,0
Homogeneity_and_heterogeneity,Computation,0.0,0
Homogeneity_and_heterogeneity,Data_mapping,0.0,0
Homogeneity_and_heterogeneity,Graph_theory,0.0,0.4133235990504684
Homogeneity_and_heterogeneity,Ranker,0.0,0
Homogeneity_and_heterogeneity,Business_process,0.0,0
Homogeneity_and_heterogeneity,Coupling_constant,0.0,0.35609924265888304
Homogeneity_and_heterogeneity,Data_set,0.0,0
Homogeneity_and_heterogeneity,Enterprise_application_integration,0.0,0
Homogeneity_and_heterogeneity,Hydrogen,0.0,0.42720883917690905
Homogeneity_and_heterogeneity,Mathematical_optimization,0.0,0.47769859322831243
Homogeneity_and_heterogeneity,Natural_number,0.0,0
Homogeneity_and_heterogeneity,Scientific_literature,0.0,0
Homogeneity_and_heterogeneity,Semantic_similarity,0.0,0
Homogeneity_and_heterogeneity,Upper_ontology,0.0,0
Homogeneity_and_heterogeneity,Centrality,0.0,0.27534795290023717
Homogeneity_and_heterogeneity,Domain_of_a_function,0.0,0
Homogeneity_and_heterogeneity,Group_cohesiveness,0.0,0
Homogeneity_and_heterogeneity,Problem_solving,0.0,0.4022769596193241
Homogeneity_and_heterogeneity,Similarity_measure,0.0,0
Homogeneity_and_heterogeneity,Analysis_of_algorithms,0.0,0
Homogeneity_and_heterogeneity,Base_pair,0.0,0.38077020711424514
Homogeneity_and_heterogeneity,Binary_relation,0.0,0
Homogeneity_and_heterogeneity,Command_and_control,0.0,0.4920446253814988
Homogeneity_and_heterogeneity,Complexity,0.0,0.36562636603049425
Homogeneity_and_heterogeneity,Dimension,0.0,0.4246890972554564
Homogeneity_and_heterogeneity,Effect_size,0.0,0.24864120393422745
Homogeneity_and_heterogeneity,Film_score,0.0,0
Homogeneity_and_heterogeneity,Individual,0.0,0.47426818302003315
Homogeneity_and_heterogeneity,Landing_Craft_Support,0.0,0
Homogeneity_and_heterogeneity,Master_of_Science,0.0,0.7115948049193261
Homogeneity_and_heterogeneity,Ontology_engineering,0.0,0
Homogeneity_and_heterogeneity,Optimization_problem,0.0,0
Homogeneity_and_heterogeneity,Sect,0.0,0.4868840313555912
Homogeneity_and_heterogeneity,Smoothness,0.0,0
Homogeneity_and_heterogeneity,Statistical_hypothesis_testing,0.0,0.4167213307426523
Homogeneity_and_heterogeneity,Step_function,0.0,0
Homogeneity_and_heterogeneity,Total_order,0.0,0
Homogeneity_and_heterogeneity,United_Nations_Convention_on_the_Law_of_the_Sea,0.0,0
Homogeneity_and_heterogeneity,Wealth,0.0,0.46360024676150646
Homogeneity_and_heterogeneity,Academic_conference,0.0,0
Homogeneity_and_heterogeneity,Academic_publishing,0.0,0.5200853514567472
Homogeneity_and_heterogeneity,Algorithm,0.0,0.5461972401402454
Experiment,Evaluation,0.0,0.3386527572937916
Experiment,Subroutine,0.0,0
Experiment,Computation,0.0,0.5055813037368366
Experiment,Data_mapping,0.2844885689377287,0
Experiment,Graph_theory,0.24135603433231737,0.4244051500086027
Experiment,Ranker,0.0,0
Experiment,Business_process,0.3659328733107742,0
Experiment,Coupling_constant,0.1523015873015873,0.40343200211004165
Experiment,Data_set,0.12369047619047617,0.357881447056525
Experiment,Enterprise_application_integration,0.0,0
Experiment,Hydrogen,0.0,0.474277972100262
Experiment,Mathematical_optimization,0.0,0.42297253116748784
Experiment,Natural_number,0.0,0.40605395602021993
Experiment,Scientific_literature,0.11801587301587299,0.39213531902515775
Experiment,Semantic_similarity,0.09385392385392385,0
Experiment,Upper_ontology,0.0,0.4527968500182435
Experiment,Centrality,0.0,0.4328400951842394
Experiment,Domain_of_a_function,0.0,0.5362816878063648
Experiment,Group_cohesiveness,0.1523015873015873,0.5199930767542364
Experiment,Problem_solving,0.0,0.3255691917762646
Experiment,Similarity_measure,0.1109102009102009,0.3964402641475752
Experiment,Analysis_of_algorithms,0.11599567099567099,0
Experiment,Base_pair,0.0,0.508209291766811
Experiment,Binary_relation,0.0,0.5415519071100141
Experiment,Command_and_control,0.0,0.5425520306103654
Experiment,Complexity,0.0,0.32539115433944094
Experiment,Dimension,0.0,0.40255365380275243
Experiment,Effect_size,0.1523015873015873,0.3015841008890359
Experiment,Film_score,0.11182900432900432,0
Experiment,Individual,0.0,0.3517147032212661
Experiment,Landing_Craft_Support,0.10651515151515152,0
Experiment,Master_of_Science,0.118015873015873,0.7408740830794194
Experiment,Ontology_engineering,0.0,0
Experiment,Optimization_problem,0.1523015873015873,0.5132926775532124
Experiment,Sect,0.0,0.46872583498880255
Experiment,Smoothness,0.26844463423670106,0.5156200831274779
Experiment,Statistical_hypothesis_testing,0.09385392385392385,0.24387049741739972
Experiment,Step_function,0.1875595238095238,0.47381023854164733
Experiment,Total_order,0.0,0.4713241554525711
Experiment,United_Nations_Convention_on_the_Law_of_the_Sea,0.11801587301587299,0
Experiment,Wealth,0.0,0.4470944657800859
Experiment,Academic_conference,0.120515873015873,0.43770392737909686
Experiment,Academic_publishing,0.0,0.37085261281456683
Experiment,Algorithm,0.3659328733107742,0.4425157309148492
Evaluation,Subroutine,0.0,0
Evaluation,Computation,0.0,0.4276454613683893
Evaluation,Data_mapping,0.0,0
Evaluation,Graph_theory,0.0,0.595947561310512
Evaluation,Ranker,0.0,0
Evaluation,Business_process,0.0,0.2562605307134428
Evaluation,Coupling_constant,0.0,0
Evaluation,Data_set,0.0,0.32619117275194554
Evaluation,Enterprise_application_integration,0.0,0
Evaluation,Hydrogen,0.0,0
Evaluation,Mathematical_optimization,0.0,0.4214448385018743
Evaluation,Natural_number,0.0,0.5268597432431087
Evaluation,Scientific_literature,0.0,0.5017964082671252
Evaluation,Semantic_similarity,0.0,0
Evaluation,Upper_ontology,0.0,0.442290580940589
Evaluation,Centrality,0.0,0.36611737980752207
Evaluation,Domain_of_a_function,0.0,0
Evaluation,Group_cohesiveness,0.0,0.44911675204530077
Evaluation,Problem_solving,0.0,0.2777426953983633
Evaluation,Similarity_measure,0.0,0.4193648236449799
Evaluation,Analysis_of_algorithms,0.0,0.41426699863620786
Evaluation,Base_pair,0.0,0
Evaluation,Binary_relation,0.0,0
Evaluation,Command_and_control,0.0,0.4774990993383885
Evaluation,Complexity,0.0,0.33719134179087057
Evaluation,Dimension,0.0,0
Evaluation,Effect_size,0.0,0.3044067691433695
Evaluation,Film_score,0.0,0.8338086979781171
Evaluation,Individual,0.0,0.32055722315788393
Evaluation,Landing_Craft_Support,0.0,0
Evaluation,Master_of_Science,0.0,0.7211711251853632
Evaluation,Ontology_engineering,0.0,0
Evaluation,Optimization_problem,0.0,0
Evaluation,Sect,0.0,0.40316534055871817
Evaluation,Smoothness,0.0,0
Evaluation,Statistical_hypothesis_testing,0.0,0.2915821342126058
Evaluation,Step_function,0.0,0
Evaluation,Total_order,0.0,0
Evaluation,United_Nations_Convention_on_the_Law_of_the_Sea,0.0,0
Evaluation,Wealth,0.0,0.5831419007079719
Evaluation,Academic_conference,0.0,0.4946130076413697
Evaluation,Academic_publishing,0.0,0.5772268165281388
Evaluation,Algorithm,0.0,0.5376014293430927
Subroutine,Computation,0.0,0.31372923773030387
Subroutine,Data_mapping,0.0,0.36406189467090155
Subroutine,Graph_theory,0.0,0.45543589248427013
Subroutine,Ranker,0.0,0
Subroutine,Business_process,0.0,0
Subroutine,Coupling_constant,0.0,0
Subroutine,Data_set,0.0,0.4482988042256296
Subroutine,Enterprise_application_integration,0.0,0.5135663623504886
Subroutine,Hydrogen,0.0,0.7870368201046762
Subroutine,Mathematical_optimization,0.0,0.4934975500776087
Subroutine,Natural_number,0.0,0.3205138334042016
Subroutine,Scientific_literature,0.0,0
Subroutine,Semantic_similarity,0.0,0.45506072182764523
Subroutine,Upper_ontology,0.0,0
Subroutine,Centrality,0.0,0
Subroutine,Domain_of_a_function,0.0,0.3563424644076244
Subroutine,Group_cohesiveness,0.0,0
Subroutine,Problem_solving,0.0,0
Subroutine,Similarity_measure,0.0,0
Subroutine,Analysis_of_algorithms,0.0,0.32456095805422447
Subroutine,Base_pair,0.0,0
Subroutine,Binary_relation,0.0,0.44273469269857196
Subroutine,Command_and_control,0.0,0
Subroutine,Complexity,0.0,0.5545510889541029
Subroutine,Dimension,0.0,0.5334880924777013
Subroutine,Effect_size,0.0,0
Subroutine,Film_score,0.0,0
Subroutine,Individual,0.0,0
Subroutine,Landing_Craft_Support,0.0,0
Subroutine,Master_of_Science,0.0,0
Subroutine,Ontology_engineering,0.0,0.46788277712470344
Subroutine,Optimization_problem,0.0,0.4790640301624859
Subroutine,Sect,0.0,0
Subroutine,Smoothness,0.0,0.4215346600308089
Subroutine,Statistical_hypothesis_testing,0.0,0
Subroutine,Step_function,0.0,0.44221445645789303
Subroutine,Total_order,0.0,0
Subroutine,United_Nations_Convention_on_the_Law_of_the_Sea,0.0,0
Subroutine,Wealth,0.0,0
Subroutine,Academic_conference,0.0,0
Subroutine,Academic_publishing,0.0,0
Subroutine,Algorithm,0.0,0.3204722571577692
Computation,Data_mapping,0.0,0.3005362923492347
Computation,Graph_theory,0.0,0.36522385020258585
Computation,Ranker,0.0,0
Computation,Business_process,0.0,0.37995347441147403
Computation,Coupling_constant,0.0,0
Computation,Data_set,0.0,0.4400474529553579
Computation,Enterprise_application_integration,0.0,0.4415739773617415
Computation,Hydrogen,0.0,0.5957499952302993
Computation,Mathematical_optimization,0.0,0.3404885687810707
Computation,Natural_number,0.0,0.33728158414054105
Computation,Scientific_literature,0.0,0
Computation,Semantic_similarity,0.0,0.391269731839257
Computation,Upper_ontology,0.0,0.41094281710666225
Computation,Centrality,0.0,0.3928307541551152
Computation,Domain_of_a_function,0.0,0.4303564969455455
Computation,Group_cohesiveness,0.0,0
Computation,Problem_solving,0.0,0.3259151804396891
Computation,Similarity_measure,0.0,0.38964194457321183
Computation,Analysis_of_algorithms,0.0,0.20031394947059616
Computation,Base_pair,0.0,0
Computation,Binary_relation,0.0,0.3352020824184126
Computation,Command_and_control,0.0,0.5269904381232008
Computation,Complexity,0.0,0.2515389743201473
Computation,Dimension,0.0,0.5597833561261019
Computation,Effect_size,0.0,0
Computation,Film_score,0.0,0
Computation,Individual,0.0,0
Computation,Landing_Craft_Support,0.0,0
Computation,Master_of_Science,0.0,0.6572012841901106
Computation,Ontology_engineering,0.0,0.3102952893573827
Computation,Optimization_problem,0.0,0.29304403994693223
Computation,Sect,0.0,0
Computation,Smoothness,0.0,0
Computation,Statistical_hypothesis_testing,0.0,0.45316967662599017
Computation,Step_function,0.0,0
Computation,Total_order,0.0,0
Computation,United_Nations_Convention_on_the_Law_of_the_Sea,0.0,0.5142911893329625
Computation,Wealth,0.0,0
Computation,Academic_conference,0.0,0
Computation,Academic_publishing,0.0,0.4908178495107218
Computation,Algorithm,0.0,0.2719779711870422
Data_mapping,Graph_theory,0.22203776102080347,0.48834991027636654
Data_mapping,Ranker,0.0,0
Data_mapping,Business_process,0.8967146142213809,0
Data_mapping,Coupling_constant,0.11397546897546898,0
Data_mapping,Data_set,0.09754079254079254,0
Data_mapping,Enterprise_application_integration,0.0,0.3002032016964108
Data_mapping,Hydrogen,0.0,0
Data_mapping,Mathematical_optimization,0.0,0
Data_mapping,Natural_number,0.0,0
Data_mapping,Scientific_literature,0.09385392385392385,0
Data_mapping,Semantic_similarity,0.07785214785214785,0.2429762354534228
Data_mapping,Upper_ontology,0.0,0.29065011884695013
Data_mapping,Centrality,0.0,0
Data_mapping,Domain_of_a_function,0.0,0
Data_mapping,Group_cohesiveness,0.11397546897546898,0
Data_mapping,Problem_solving,0.0,0.42208376404753833
Data_mapping,Similarity_measure,0.08884060384060384,0
Data_mapping,Analysis_of_algorithms,0.09245532245532245,0
Data_mapping,Base_pair,0.0,0
Data_mapping,Binary_relation,0.0,0
Data_mapping,Command_and_control,0.0,0
Data_mapping,Complexity,0.0,0
Data_mapping,Dimension,0.0,0
Data_mapping,Effect_size,0.11397546897546898,0
Data_mapping,Film_score,0.08959817959817959,0
Data_mapping,Individual,0.0,0
Data_mapping,Landing_Craft_Support,0.08646686646686647,0
Data_mapping,Master_of_Science,0.09385392385392385,0
Data_mapping,Ontology_engineering,0.0,0.18116099169168978
Data_mapping,Optimization_problem,0.11397546897546898,0
Data_mapping,Sect,0.0,0
Data_mapping,Smoothness,0.47390551196146213,0
Data_mapping,Statistical_hypothesis_testing,0.07785214785214785,0
Data_mapping,Step_function,0.13276785714285716,0
Data_mapping,Total_order,0.0,0
Data_mapping,United_Nations_Convention_on_the_Law_of_the_Sea,0.09385392385392385,0
Data_mapping,Wealth,0.0,0
Data_mapping,Academic_conference,0.09552059052059052,0
Data_mapping,Academic_publishing,0.0,0
Data_mapping,Algorithm,0.7357919177012273,0.49675751294627757
Graph_theory,Ranker,0.0,0
Graph_theory,Business_process,0.2700415379677007,0
Graph_theory,Coupling_constant,0.12912698412698415,0.528041361291335
Graph_theory,Data_set,0.10825757575757575,0.5515246424598277
Graph_theory,Enterprise_application_integration,0.0,0
Graph_theory,Hydrogen,0.0,0.6499918401434192
Graph_theory,Mathematical_optimization,0.0,0.2711275023092903
Graph_theory,Natural_number,0.0,0.3146146009280566
Graph_theory,Scientific_literature,0.10373737373737373,0.5170713472387215
Graph_theory,Semantic_similarity,0.08451881451881452,0.400912160413392
Graph_theory,Upper_ontology,0.0,0.42107006805290387
Graph_theory,Centrality,0.0,0.270905919895674
Graph_theory,Domain_of_a_function,0.0,0.44096217749156114
Graph_theory,Group_cohesiveness,0.12912698412698415,0
Graph_theory,Problem_solving,0.0,0.4199967256921267
Graph_theory,Similarity_measure,0.09781496281496281,0
Graph_theory,Analysis_of_algorithms,0.10207070707070706,0.2896645243157114
Graph_theory,Base_pair,0.0,0
Graph_theory,Binary_relation,0.0,0.2883785899138685
Graph_theory,Command_and_control,0.0,0
Graph_theory,Complexity,0.0,0.35960626474908103
Graph_theory,Dimension,0.0,0.3592876923246492
Graph_theory,Effect_size,0.12912698412698415,0
Graph_theory,Film_score,0.09865190365190366,0
Graph_theory,Individual,0.0,0.5351615344819115
Graph_theory,Landing_Craft_Support,0.09476301476301476,0
Graph_theory,Master_of_Science,0.10373737373737374,0.7125506758022889
Graph_theory,Ontology_engineering,0.0,0.4461626196431972
Graph_theory,Optimization_problem,0.12912698412698415,0.2899778353072927
Graph_theory,Sect,0.0,0.6135027134322233
Graph_theory,Smoothness,0.21024765534378997,0
Graph_theory,Statistical_hypothesis_testing,0.08451881451881452,0.5025856252567177
Graph_theory,Step_function,0.15387896825396824,0.4216858794200934
Graph_theory,Total_order,0.0,0.314861371523095
Graph_theory,United_Nations_Convention_on_the_Law_of_the_Sea,0.10373737373737374,0
Graph_theory,Wealth,0.0,0
Graph_theory,Academic_conference,0.10575757575757576,0
Graph_theory,Academic_publishing,0.0,0.6376933651362661
Graph_theory,Algorithm,0.2700415379677007,0.3207356623646934
Ranker,Business_process,0.0,0
Ranker,Coupling_constant,0.0,0
Ranker,Data_set,0.0,0
Ranker,Enterprise_application_integration,0.0,0
Ranker,Hydrogen,0.0,0
Ranker,Mathematical_optimization,0.0,0
Ranker,Natural_number,0.0,0
Ranker,Scientific_literature,0.0,0
Ranker,Semantic_similarity,0.0,0
Ranker,Upper_ontology,0.0,0
Ranker,Centrality,0.0,0
Ranker,Domain_of_a_function,0.0,0
Ranker,Group_cohesiveness,0.0,0
Ranker,Problem_solving,0.0,0
Ranker,Similarity_measure,0.0,0
Ranker,Analysis_of_algorithms,0.0,0
Ranker,Base_pair,0.0,0
Ranker,Binary_relation,0.0,0
Ranker,Command_and_control,0.0,0
Ranker,Complexity,0.0,0
Ranker,Dimension,0.0,0
Ranker,Effect_size,0.0,0
Ranker,Film_score,0.0,0
Ranker,Individual,0.0,0
Ranker,Landing_Craft_Support,0.0,0
Ranker,Master_of_Science,0.0,0
Ranker,Ontology_engineering,0.0,0
Ranker,Optimization_problem,0.0,0
Ranker,Sect,0.0,0
Ranker,Smoothness,0.0,0
Ranker,Statistical_hypothesis_testing,0.0,0
Ranker,Step_function,0.0,0
Ranker,Total_order,0.0,0
Ranker,United_Nations_Convention_on_the_Law_of_the_Sea,0.0,0
Ranker,Wealth,0.0,0
Ranker,Academic_conference,0.0,0
Ranker,Academic_publishing,0.0,0
Ranker,Algorithm,0.0,0
Business_process,Coupling_constant,0.12912698412698415,0
Business_process,Data_set,0.10825757575757575,0
Business_process,Enterprise_application_integration,0.0,0.2820079938676746
Business_process,Hydrogen,0.0,0
Business_process,Mathematical_optimization,0.0,0.4950902492494089
Business_process,Natural_number,0.0,0
Business_process,Scientific_literature,0.10373737373737373,0
Business_process,Semantic_similarity,0.08451881451881452,0
Business_process,Upper_ontology,0.0,0.3217384263833586
Business_process,Centrality,0.0,0
Business_process,Domain_of_a_function,0.0,0
Business_process,Group_cohesiveness,0.12912698412698415,0
Business_process,Problem_solving,0.0,0.3794470268472876
Business_process,Similarity_measure,0.09781496281496281,0
Business_process,Analysis_of_algorithms,0.10207070707070706,0
Business_process,Base_pair,0.0,0
Business_process,Binary_relation,0.0,0
Business_process,Command_and_control,0.0,0
Business_process,Complexity,0.0,0.48047862182324347
Business_process,Dimension,0.0,0
Business_process,Effect_size,0.12912698412698415,0
Business_process,Film_score,0.09865190365190366,0
Business_process,Individual,0.0,0
Business_process,Landing_Craft_Support,0.09476301476301476,0
Business_process,Master_of_Science,0.10373737373737374,0.7375019611240782
Business_process,Ontology_engineering,0.0,0
Business_process,Optimization_problem,0.12912698412698415,0
Business_process,Sect,0.0,0
Business_process,Smoothness,0.5084354539232164,0
Business_process,Statistical_hypothesis_testing,0.08451881451881452,0.36782784425221726
Business_process,Step_function,0.15387896825396824,0
Business_process,Total_order,0.0,0
Business_process,United_Nations_Convention_on_the_Law_of_the_Sea,0.10373737373737374,0
Business_process,Wealth,0.0,0.4430029216026769
Business_process,Academic_conference,0.10575757575757576,0
Business_process,Academic_publishing,0.0,0
Business_process,Algorithm,0.8365152308256697,0.46454190545054413
Coupling_constant,Data_set,0.1809440953390174,0.3820816373089935
Coupling_constant,Enterprise_application_integration,0.0,0
Coupling_constant,Hydrogen,0.0,0.5470129110516175
Coupling_constant,Mathematical_optimization,0.0,0.46977049319329806
Coupling_constant,Natural_number,0.0,0.406037132378435
Coupling_constant,Scientific_literature,0.17015567839666518,0
Coupling_constant,Semantic_similarity,0.12806405301254084,0
Coupling_constant,Upper_ontology,0.0,0
Coupling_constant,Centrality,0.0,0
Coupling_constant,Domain_of_a_function,0.0,0
Coupling_constant,Group_cohesiveness,0.24146682840566291,0
Coupling_constant,Problem_solving,0.0,0
Coupling_constant,Similarity_measure,0.15814889156209624,0
Coupling_constant,Analysis_of_algorithms,0.16665689622694718,0
Coupling_constant,Base_pair,0.0,0
Coupling_constant,Binary_relation,0.0,0
Coupling_constant,Command_and_control,0.0,0
Coupling_constant,Complexity,0.0,0
Coupling_constant,Dimension,0.0,0.34333308005556146
Coupling_constant,Effect_size,0.24146682840566291,0
Coupling_constant,Film_score,0.1593223546561071,0
Coupling_constant,Individual,0.0,0
Coupling_constant,Landing_Craft_Support,0.14948547394259176,0
Coupling_constant,Master_of_Science,0.29828023725128017,0
Coupling_constant,Ontology_engineering,0.0,0
Coupling_constant,Optimization_problem,0.5465413302901494,0
Coupling_constant,Sect,0.0,0
Coupling_constant,Smoothness,0.23366180053012275,0
Coupling_constant,Statistical_hypothesis_testing,0.12806405301254084,0
Coupling_constant,Step_function,0.33239103921393753,0
Coupling_constant,Total_order,0.0,0.3545739937163099
Coupling_constant,United_Nations_Convention_on_the_Law_of_the_Sea,0.17015567839666518,0
Coupling_constant,Wealth,0.0,0
Coupling_constant,Academic_conference,0.1747237438733674,0
Coupling_constant,Academic_publishing,0.0,0
Coupling_constant,Algorithm,0.12912698412698415,0.5979210388535134
Data_set,Enterprise_application_integration,0.0,0.40253074240285824
Data_set,Hydrogen,0.0,0.5976915285456698
Data_set,Mathematical_optimization,0.0,0.3636780163490882
Data_set,Natural_number,0.0,0.29711027826467135
Data_set,Scientific_literature,0.2173885417730267,0
Data_set,Semantic_similarity,0.15815173520313947,0.35483780742163906
Data_set,Upper_ontology,0.0,0
Data_set,Centrality,0.0,0
Data_set,Domain_of_a_function,0.0,0.3281912259940888
Data_set,Group_cohesiveness,0.2961715336322551,0
Data_set,Problem_solving,0.0,0
Data_set,Similarity_measure,0.18949520466414665,0.29714217955534644
Data_set,Analysis_of_algorithms,0.20566641243238043,0.34558421496469416
Data_set,Base_pair,0.0,0
Data_set,Binary_relation,0.0,0.33141647081197056
Data_set,Command_and_control,0.0,0
Data_set,Complexity,0.0,0.41268922596612123
Data_set,Dimension,0.0,0.40986263985114374
Data_set,Effect_size,0.44099967512279625,0.20517078897975696
Data_set,Film_score,0.2404312989608428,0
Data_set,Individual,0.0,0.3865061374832821
Data_set,Landing_Craft_Support,0.22850515289471038,0
Data_set,Master_of_Science,0.13881480407838687,0
Data_set,Ontology_engineering,0.0,0
Data_set,Optimization_problem,0.1809440953390174,0.31412251615200115
Data_set,Sect,0.0,0
Data_set,Smoothness,0.17553131193529428,0.37524840513160834
Data_set,Statistical_hypothesis_testing,0.23934123146442163,0.19308137627910568
Data_set,Step_function,0.2236541757036679,0.34482081316414326
Data_set,Total_order,0.0,0.24462130678980448
Data_set,United_Nations_Convention_on_the_Law_of_the_Sea,0.2530908994094574,0
Data_set,Wealth,0.0,0.47618138149341405
Data_set,Academic_conference,0.22356154306228632,0
Data_set,Academic_publishing,0.0,0.43356668741766247
Data_set,Algorithm,0.10825757575757575,0.4135956636665585
Enterprise_application_integration,Hydrogen,0.0,0
Enterprise_application_integration,Mathematical_optimization,0.0,0
Enterprise_application_integration,Natural_number,0.0,0.48927818303404186
Enterprise_application_integration,Scientific_literature,0.0,0
Enterprise_application_integration,Semantic_similarity,0.0,0
Enterprise_application_integration,Upper_ontology,0.0,0
Enterprise_application_integration,Centrality,0.0,0
Enterprise_application_integration,Domain_of_a_function,0.0,0
Enterprise_application_integration,Group_cohesiveness,0.0,0
Enterprise_application_integration,Problem_solving,0.0,0
Enterprise_application_integration,Similarity_measure,0.0,0
Enterprise_application_integration,Analysis_of_algorithms,0.0,0.41049545622793865
Enterprise_application_integration,Base_pair,0.0,0
Enterprise_application_integration,Binary_relation,0.0,0
Enterprise_application_integration,Command_and_control,0.0,0
Enterprise_application_integration,Complexity,0.0,0
Enterprise_application_integration,Dimension,0.0,0
Enterprise_application_integration,Effect_size,0.0,0
Enterprise_application_integration,Film_score,0.0,0
Enterprise_application_integration,Individual,0.0,0
Enterprise_application_integration,Landing_Craft_Support,0.0,0
Enterprise_application_integration,Master_of_Science,0.0,0
Enterprise_application_integration,Ontology_engineering,0.0,0
Enterprise_application_integration,Optimization_problem,0.0,0
Enterprise_application_integration,Sect,0.0,0
Enterprise_application_integration,Smoothness,0.0,0
Enterprise_application_integration,Statistical_hypothesis_testing,0.0,0
Enterprise_application_integration,Step_function,0.0,0
Enterprise_application_integration,Total_order,0.0,0
Enterprise_application_integration,United_Nations_Convention_on_the_Law_of_the_Sea,0.0,0
Enterprise_application_integration,Wealth,0.0,0
Enterprise_application_integration,Academic_conference,0.0,0.5230440569403007
Enterprise_application_integration,Academic_publishing,0.0,0
Enterprise_application_integration,Algorithm,0.0,0.6266784708855592
Hydrogen,Mathematical_optimization,0.0,0.7687312247829765
Hydrogen,Natural_number,0.0,0.5571640110299036
Hydrogen,Scientific_literature,0.0,0.7398758318070907
Hydrogen,Semantic_similarity,0.0,0
Hydrogen,Upper_ontology,0.0,0
Hydrogen,Centrality,0.0,0
Hydrogen,Domain_of_a_function,0.0,0
Hydrogen,Group_cohesiveness,0.0,0
Hydrogen,Problem_solving,0.0,0.7570832055274941
Hydrogen,Similarity_measure,0.0,0.6183342339903533
Hydrogen,Analysis_of_algorithms,0.0,0.6412462105755888
Hydrogen,Base_pair,0.0,0.48118326983166954
Hydrogen,Binary_relation,0.0,0
Hydrogen,Command_and_control,0.0,0
Hydrogen,Complexity,0.0,0.6878722703115935
Hydrogen,Dimension,0.0,0.5374169864197513
Hydrogen,Effect_size,0.0,0
Hydrogen,Film_score,0.0,1.1011855057870614
Hydrogen,Individual,0.0,0.6961374656926657
Hydrogen,Landing_Craft_Support,0.0,0
Hydrogen,Master_of_Science,0.0,0.8618224638882108
Hydrogen,Ontology_engineering,0.0,0
Hydrogen,Optimization_problem,0.0,0
Hydrogen,Sect,0.0,0
Hydrogen,Smoothness,0.0,0
Hydrogen,Statistical_hypothesis_testing,0.0,0.6537627630477632
Hydrogen,Step_function,0.0,0
Hydrogen,Total_order,0.0,0.6788210240847753
Hydrogen,United_Nations_Convention_on_the_Law_of_the_Sea,0.0,0.5897184338968361
Hydrogen,Wealth,0.0,0.7386920086133277
Hydrogen,Academic_conference,0.0,0.7955047937928971
Hydrogen,Academic_publishing,0.0,0
Hydrogen,Algorithm,0.0,0.7376299471181318
Mathematical_optimization,Natural_number,0.0,0.24784204608287602
Mathematical_optimization,Scientific_literature,0.0,0.4525876087893517
Mathematical_optimization,Semantic_similarity,0.0,0
Mathematical_optimization,Upper_ontology,0.0,0.3989172363931978
Mathematical_optimization,Centrality,0.0,0.4380146977672499
Mathematical_optimization,Domain_of_a_function,0.0,0.25008197783639596
Mathematical_optimization,Group_cohesiveness,0.0,0
Mathematical_optimization,Problem_solving,0.0,0.35401328183451714
Mathematical_optimization,Similarity_measure,0.0,0.4344591068404174
Mathematical_optimization,Analysis_of_algorithms,0.0,0.26570306156073564
Mathematical_optimization,Base_pair,0.0,0
Mathematical_optimization,Binary_relation,0.0,0.2762738534935196
Mathematical_optimization,Command_and_control,0.0,0
Mathematical_optimization,Complexity,0.0,0.29365890392240296
Mathematical_optimization,Dimension,0.0,0.3587918126589606
Mathematical_optimization,Effect_size,0.0,0.48260256468220664
Mathematical_optimization,Film_score,0.0,0
Mathematical_optimization,Individual,0.0,0.5380453373017264
Mathematical_optimization,Landing_Craft_Support,0.0,0
Mathematical_optimization,Master_of_Science,0.0,0.5384881946776502
Mathematical_optimization,Ontology_engineering,0.0,0.3905218771719751
Mathematical_optimization,Optimization_problem,0.0,0.20682326407525697
Mathematical_optimization,Sect,0.0,0
Mathematical_optimization,Smoothness,0.0,0.40166744028740353
Mathematical_optimization,Statistical_hypothesis_testing,0.0,0.40166033336484
Mathematical_optimization,Step_function,0.0,0.3142370400663929
Mathematical_optimization,Total_order,0.0,0.28131451580317757
Mathematical_optimization,United_Nations_Convention_on_the_Law_of_the_Sea,0.0,0
Mathematical_optimization,Wealth,0.0,0.5241913271785081
Mathematical_optimization,Academic_conference,0.0,0
Mathematical_optimization,Academic_publishing,0.0,0.42577091168351444
Mathematical_optimization,Algorithm,0.0,0.2971238899928852
Natural_number,Scientific_literature,0.0,0.4493290232260183
Natural_number,Semantic_similarity,0.0,0
Natural_number,Upper_ontology,0.0,0.4553378713259719
Natural_number,Centrality,0.0,0
Natural_number,Domain_of_a_function,0.0,0.2342547876560448
Natural_number,Group_cohesiveness,0.0,0
Natural_number,Problem_solving,0.0,0.4195134775955262
Natural_number,Similarity_measure,0.0,0
Natural_number,Analysis_of_algorithms,0.0,0.364245852196598
Natural_number,Base_pair,0.0,0
Natural_number,Binary_relation,0.0,0.18679809193606672
Natural_number,Command_and_control,0.0,0
Natural_number,Complexity,0.0,0.3907307632697817
Natural_number,Dimension,0.0,0.24717619936491836
Natural_number,Effect_size,0.0,0.47957750254260034
Natural_number,Film_score,0.0,0
Natural_number,Individual,0.0,0.4650491868115005
Natural_number,Landing_Craft_Support,0.0,0
Natural_number,Master_of_Science,0.0,0
Natural_number,Ontology_engineering,0.0,0.387710158675036
Natural_number,Optimization_problem,0.0,0.25080631373010026
Natural_number,Sect,0.0,0.4790028690074145
Natural_number,Smoothness,0.0,0.31985428698730145
Natural_number,Statistical_hypothesis_testing,0.0,0.398493036875591
Natural_number,Step_function,0.0,0.27948819183282525
Natural_number,Total_order,0.0,0.16820154768631942
Natural_number,United_Nations_Convention_on_the_Law_of_the_Sea,0.0,0
Natural_number,Wealth,0.0,0
Natural_number,Academic_conference,0.0,0
Natural_number,Academic_publishing,0.0,0.586074599696385
Natural_number,Algorithm,0.0,0.29404918674837477
Scientific_literature,Semantic_similarity,0.10577765198149278,0
Scientific_literature,Upper_ontology,0.0,0
Scientific_literature,Centrality,0.0,0
Scientific_literature,Domain_of_a_function,0.0,0.44520859133698215
Scientific_literature,Group_cohesiveness,0.17015567839666518,0
Scientific_literature,Problem_solving,0.0,0.39842926999066225
Scientific_literature,Similarity_measure,0.21663558596365526,0
Scientific_literature,Analysis_of_algorithms,0.1303067994135359,0
Scientific_literature,Base_pair,0.0,0
Scientific_literature,Binary_relation,0.0,0.4495838048965059
Scientific_literature,Command_and_control,0.0,0
Scientific_literature,Complexity,0.0,0.3978945568962236
Scientific_literature,Dimension,0.0,0.5687903645730017
Scientific_literature,Effect_size,0.17015567839666518,0
Scientific_literature,Film_score,0.12568519873274514,0
Scientific_literature,Individual,0.0,0.44885444926747603
Scientific_literature,Landing_Craft_Support,0.11983455148976746,0
Scientific_literature,Master_of_Science,0.132549545814531,0.7071262256864145
Scientific_literature,Ontology_engineering,0.0,0.4161780136455724
Scientific_literature,Optimization_problem,0.17015567839666518,0.426123649404874
Scientific_literature,Sect,0.0,0
Scientific_literature,Smoothness,0.16474289499294206,0
Scientific_literature,Statistical_hypothesis_testing,0.10577765198149278,0.40342358706287573
Scientific_literature,Step_function,0.20845462069182075,0.39334624630765314
Scientific_literature,Total_order,0.0,0.4425199631879375
Scientific_literature,United_Nations_Convention_on_the_Law_of_the_Sea,0.29251119958676947,0
Scientific_literature,Wealth,0.0,0.5717851379327509
Scientific_literature,Academic_conference,0.7418372240259348,0.3195342451931447
Scientific_literature,Academic_publishing,0.0,0.2237513231139886
Scientific_literature,Algorithm,0.10373737373737373,0.5550511702873059
Semantic_similarity,Upper_ontology,0.0,0.17895580871933972
Semantic_similarity,Centrality,0.0,0
Semantic_similarity,Domain_of_a_function,0.0,0
Semantic_similarity,Group_cohesiveness,0.3302819424950209,0
Semantic_similarity,Problem_solving,0.0,0.3109385375516241
Semantic_similarity,Similarity_measure,0.7757495536173533,0
Semantic_similarity,Analysis_of_algorithms,0.3166445354326504,0
Semantic_similarity,Base_pair,0.0,0
Semantic_similarity,Binary_relation,0.0,0
Semantic_similarity,Command_and_control,0.0,0
Semantic_similarity,Complexity,0.0,0
Semantic_similarity,Dimension,0.0,0
Semantic_similarity,Effect_size,0.19953922899520182,0
Semantic_similarity,Film_score,0.1286942672466257,0
Semantic_similarity,Individual,0.0,0
Semantic_similarity,Landing_Craft_Support,0.12623284044087843,0
Semantic_similarity,Master_of_Science,0.10577765198149278,0
Semantic_similarity,Ontology_engineering,0.0,0.21494145093286576
Semantic_similarity,Optimization_problem,0.12806405301254084,0
Semantic_similarity,Sect,0.0,0
Semantic_similarity,Smoothness,0.12397362341708196,0
Semantic_similarity,Statistical_hypothesis_testing,0.12682589630188162,0
Semantic_similarity,Step_function,0.14877067313987907,0
Semantic_similarity,Total_order,0.0,0
Semantic_similarity,United_Nations_Convention_on_the_Law_of_the_Sea,0.10577765198149278,0
Semantic_similarity,Wealth,0.0,0
Semantic_similarity,Academic_conference,0.1076327765681457,0
Semantic_similarity,Academic_publishing,0.0,0
Semantic_similarity,Algorithm,0.08451881451881452,0.44237851930781896
Upper_ontology,Centrality,0.0,0
Upper_ontology,Domain_of_a_function,0.0,0
Upper_ontology,Group_cohesiveness,0.0,0
Upper_ontology,Problem_solving,0.0,0.32657256151105585
Upper_ontology,Similarity_measure,0.0,0
Upper_ontology,Analysis_of_algorithms,0.0,0
Upper_ontology,Base_pair,0.0,0.4838216124841264
Upper_ontology,Binary_relation,0.0,0
Upper_ontology,Command_and_control,0.0,0
Upper_ontology,Complexity,0.0,0
Upper_ontology,Dimension,0.0,0.44204721967450245
Upper_ontology,Effect_size,0.0,0
Upper_ontology,Film_score,0.0,0
Upper_ontology,Individual,0.0,0.4549195750042669
Upper_ontology,Landing_Craft_Support,0.0,0
Upper_ontology,Master_of_Science,0.0,0.6825640382784652
Upper_ontology,Ontology_engineering,0.0,0.0919990857812541
Upper_ontology,Optimization_problem,0.0,0
Upper_ontology,Sect,0.0,0.4077279383519104
Upper_ontology,Smoothness,0.0,0
Upper_ontology,Statistical_hypothesis_testing,0.0,0
Upper_ontology,Step_function,0.0,0
Upper_ontology,Total_order,0.0,0
Upper_ontology,United_Nations_Convention_on_the_Law_of_the_Sea,0.0,0
Upper_ontology,Wealth,0.0,0
Upper_ontology,Academic_conference,0.0,0.4867614697635653
Upper_ontology,Academic_publishing,0.0,0
Upper_ontology,Algorithm,0.0,0.46462136004559057
Centrality,Domain_of_a_function,0.0,0
Centrality,Group_cohesiveness,0.0,0
Centrality,Problem_solving,0.0,0
Centrality,Similarity_measure,0.0,0
Centrality,Analysis_of_algorithms,0.0,0
Centrality,Base_pair,0.0,0
Centrality,Binary_relation,0.0,0.2551994857412519
Centrality,Command_and_control,0.0,0
Centrality,Complexity,0.0,0.31172853656571003
Centrality,Dimension,0.0,0.4792437524040531
Centrality,Effect_size,0.0,0
Centrality,Film_score,0.0,0
Centrality,Individual,0.0,0
Centrality,Landing_Craft_Support,0.0,0
Centrality,Master_of_Science,0.0,0
Centrality,Ontology_engineering,0.0,0
Centrality,Optimization_problem,0.0,0.2952692325049975
Centrality,Sect,0.0,0.3897575692905197
Centrality,Smoothness,0.0,0
Centrality,Statistical_hypothesis_testing,0.0,0
Centrality,Step_function,0.0,0
Centrality,Total_order,0.0,0
Centrality,United_Nations_Convention_on_the_Law_of_the_Sea,0.0,0
Centrality,Wealth,0.0,0
Centrality,Academic_conference,0.0,0
Centrality,Academic_publishing,0.0,0
Centrality,Algorithm,0.0,0.41098806252925896
Domain_of_a_function,Group_cohesiveness,0.0,0
Domain_of_a_function,Problem_solving,0.0,0.40409433625740765
Domain_of_a_function,Similarity_measure,0.0,0.33342253737371397
Domain_of_a_function,Analysis_of_algorithms,0.0,0.2558899097509312
Domain_of_a_function,Base_pair,0.0,0
Domain_of_a_function,Binary_relation,0.0,0.1482195702067306
Domain_of_a_function,Command_and_control,0.0,0
Domain_of_a_function,Complexity,0.0,0.4656946651410016
Domain_of_a_function,Dimension,0.0,0.32819122599408873
Domain_of_a_function,Effect_size,0.0,0
Domain_of_a_function,Film_score,0.0,0
Domain_of_a_function,Individual,0.0,0
Domain_of_a_function,Landing_Craft_Support,0.0,0
Domain_of_a_function,Master_of_Science,0.0,0.7148095944898395
Domain_of_a_function,Ontology_engineering,0.0,0
Domain_of_a_function,Optimization_problem,0.0,0.19884640122110014
Domain_of_a_function,Sect,0.0,0
Domain_of_a_function,Smoothness,0.0,0.18647084613252085
Domain_of_a_function,Statistical_hypothesis_testing,0.0,0.4186039630758574
Domain_of_a_function,Step_function,0.0,0.1835511491120977
Domain_of_a_function,Total_order,0.0,0.16101286551824365
Domain_of_a_function,United_Nations_Convention_on_the_Law_of_the_Sea,0.0,0
Domain_of_a_function,Wealth,0.0,0
Domain_of_a_function,Academic_conference,0.0,0
Domain_of_a_function,Academic_publishing,0.0,0
Domain_of_a_function,Algorithm,0.0,0.36816464102280655
Group_cohesiveness,Problem_solving,0.0,0.45202858826462927
Group_cohesiveness,Similarity_measure,0.24037118452602962,0
Group_cohesiveness,Analysis_of_algorithms,0.8538593365235563,0
Group_cohesiveness,Base_pair,0.0,0
Group_cohesiveness,Binary_relation,0.0,0
Group_cohesiveness,Command_and_control,0.0,0
Group_cohesiveness,Complexity,0.0,0
Group_cohesiveness,Dimension,0.0,0
Group_cohesiveness,Effect_size,0.5179015536040573,0
Group_cohesiveness,Film_score,0.20661774178567047,0
Group_cohesiveness,Individual,0.0,0.40173275271587455
Group_cohesiveness,Landing_Craft_Support,0.20206327653392173,0
Group_cohesiveness,Master_of_Science,0.1701556783966652,0
Group_cohesiveness,Ontology_engineering,0.0,0
Group_cohesiveness,Optimization_problem,0.24146682840566291,0
Group_cohesiveness,Sect,0.0,0
Group_cohesiveness,Smoothness,0.23366180053012275,0
Group_cohesiveness,Statistical_hypothesis_testing,0.19953922899520182,0
Group_cohesiveness,Step_function,0.33239103921393753,0
Group_cohesiveness,Total_order,0.0,0
Group_cohesiveness,United_Nations_Convention_on_the_Law_of_the_Sea,0.17015567839666518,0
Group_cohesiveness,Wealth,0.0,0.4163306436774159
Group_cohesiveness,Academic_conference,0.1747237438733674,0.4942739903167295
Group_cohesiveness,Academic_publishing,0.0,0
Group_cohesiveness,Algorithm,0.12912698412698415,0
Problem_solving,Similarity_measure,0.0,0
Problem_solving,Analysis_of_algorithms,0.0,0.31571924832009507
Problem_solving,Base_pair,0.0,0.5616812070420141
Problem_solving,Binary_relation,0.0,0.40806550629707555
Problem_solving,Command_and_control,0.0,0.5479232831906342
Problem_solving,Complexity,0.0,0.29843208977238683
Problem_solving,Dimension,0.0,0.4040840113018575
Problem_solving,Effect_size,0.0,0.36987621670021753
Problem_solving,Film_score,0.0,0
Problem_solving,Individual,0.0,0.390458940029337
Problem_solving,Landing_Craft_Support,0.0,0
Problem_solving,Master_of_Science,0.0,0.6833062979908614
Problem_solving,Ontology_engineering,0.0,0.28574559718633197
Problem_solving,Optimization_problem,0.0,0.32733976321676267
Problem_solving,Sect,0.0,0
Problem_solving,Smoothness,0.0,0
Problem_solving,Statistical_hypothesis_testing,0.0,0.3073405675793483
Problem_solving,Step_function,0.0,0.4118819707565716
Problem_solving,Total_order,0.0,0.46337290935888353
Problem_solving,United_Nations_Convention_on_the_Law_of_the_Sea,0.0,0
Problem_solving,Wealth,0.0,0.4474140746544369
Problem_solving,Academic_conference,0.0,0.4052652504035808
Problem_solving,Academic_publishing,0.0,0.38590537271918324
Problem_solving,Algorithm,0.0,0.3656828365538541
Similarity_measure,Analysis_of_algorithms,0.22017112550108897,0
Similarity_measure,Base_pair,0.0,0.23910005609945134
Similarity_measure,Binary_relation,0.0,0
Similarity_measure,Command_and_control,0.0,0
Similarity_measure,Complexity,0.0,0.4216368898594103
Similarity_measure,Dimension,0.0,0
Similarity_measure,Effect_size,0.17541741164147018,0.2823545411862984
Similarity_measure,Film_score,0.12510221215329764,0
Similarity_measure,Individual,0.0,0.4313392045080424
Similarity_measure,Landing_Craft_Support,0.12224412635647744,0
Similarity_measure,Master_of_Science,0.12464878589784757,0
Similarity_measure,Ontology_engineering,0.0,0.2702666439156669
Similarity_measure,Optimization_problem,0.15814889156209624,0
Similarity_measure,Sect,0.0,0
Similarity_measure,Smoothness,0.15273610815837313,0
Similarity_measure,Statistical_hypothesis_testing,0.11209215567806169,0.3227818704309601
Similarity_measure,Step_function,0.1930532314745605,0
Similarity_measure,Total_order,0.0,0
Similarity_measure,United_Nations_Convention_on_the_Law_of_the_Sea,0.19515908679743066,0
Similarity_measure,Wealth,0.0,0
Similarity_measure,Academic_conference,0.22280858725291489,0
Similarity_measure,Academic_publishing,0.0,0
Similarity_measure,Algorithm,0.09781496281496281,0.4638712679217983
Analysis_of_algorithms,Base_pair,0.0,0
Analysis_of_algorithms,Binary_relation,0.0,0.2584046253801275
Analysis_of_algorithms,Command_and_control,0.0,0.5105040666460255
Analysis_of_algorithms,Complexity,0.0,0.25107580453357314
Analysis_of_algorithms,Dimension,0.0,0.47813742969198764
Analysis_of_algorithms,Effect_size,0.2831388216774772,0
Analysis_of_algorithms,Film_score,0.15840283925717613,0
Analysis_of_algorithms,Individual,0.0,0
Analysis_of_algorithms,Landing_Craft_Support,0.1552495559403385,0
Analysis_of_algorithms,Master_of_Science,0.1303067994135359,0.6741571827648021
Analysis_of_algorithms,Ontology_engineering,0.0,0.3159354403332997
Analysis_of_algorithms,Optimization_problem,0.16665689622694718,0.22928788524952545
Analysis_of_algorithms,Sect,0.0,0
Analysis_of_algorithms,Smoothness,0.16124411282322404,0.3846538673236961
Analysis_of_algorithms,Statistical_hypothesis_testing,0.15489558304882436,0.4323549593440321
Analysis_of_algorithms,Step_function,0.20388655521511853,0.35346361904128715
Analysis_of_algorithms,Total_order,0.0,0.3976514563306315
Analysis_of_algorithms,United_Nations_Convention_on_the_Law_of_the_Sea,0.1303067994135359,0
Analysis_of_algorithms,Wealth,0.0,0
Analysis_of_algorithms,Academic_conference,0.13307327550767378,0
Analysis_of_algorithms,Academic_publishing,0.0,0.43794731466957115
Analysis_of_algorithms,Algorithm,0.10207070707070706,0.2567373288226301
Base_pair,Binary_relation,0.0,0
Base_pair,Command_and_control,0.0,0
Base_pair,Complexity,0.0,0.4523335064006259
Base_pair,Dimension,0.0,0
Base_pair,Effect_size,0.0,0
Base_pair,Film_score,0.0,0
Base_pair,Individual,0.0,0.4288721746838291
Base_pair,Landing_Craft_Support,0.0,0
Base_pair,Master_of_Science,0.0,0.8296454883622665
Base_pair,Ontology_engineering,0.0,0
Base_pair,Optimization_problem,0.0,0.48495823205999694
Base_pair,Sect,0.0,0
Base_pair,Smoothness,0.0,0
Base_pair,Statistical_hypothesis_testing,0.0,0
Base_pair,Step_function,0.0,0
Base_pair,Total_order,0.0,0
Base_pair,United_Nations_Convention_on_the_Law_of_the_Sea,0.0,0
Base_pair,Wealth,0.0,0.5405096418219668
Base_pair,Academic_conference,0.0,0
Base_pair,Academic_publishing,0.0,0.606365395610655
Base_pair,Algorithm,0.0,0.7088785735599854
Binary_relation,Command_and_control,0.0,0
Binary_relation,Complexity,0.0,0.370887530598276
Binary_relation,Dimension,0.0,0.3420714677164168
Binary_relation,Effect_size,0.0,0
Binary_relation,Film_score,0.0,0
Binary_relation,Individual,0.0,0
Binary_relation,Landing_Craft_Support,0.0,0
Binary_relation,Master_of_Science,0.0,0
Binary_relation,Ontology_engineering,0.0,0.29530157977124016
Binary_relation,Optimization_problem,0.0,0.2081609259298914
Binary_relation,Sect,0.0,0
Binary_relation,Smoothness,0.0,0.26880635686572407
Binary_relation,Statistical_hypothesis_testing,0.0,0.422717724065554
Binary_relation,Step_function,0.0,0.2242405834376804
Binary_relation,Total_order,0.0,0.06711702233726943
Binary_relation,United_Nations_Convention_on_the_Law_of_the_Sea,0.0,0
Binary_relation,Wealth,0.0,0
Binary_relation,Academic_conference,0.0,0
Binary_relation,Academic_publishing,0.0,0.5275690968250403
Binary_relation,Algorithm,0.0,0.34134445814178244
Command_and_control,Complexity,0.0,0.4100298025886412
Command_and_control,Dimension,0.0,0
Command_and_control,Effect_size,0.0,0
Command_and_control,Film_score,0.0,0
Command_and_control,Individual,0.0,0.4845801155922875
Command_and_control,Landing_Craft_Support,0.0,0
Command_and_control,Master_of_Science,0.0,0.7052592503354964
Command_and_control,Ontology_engineering,0.0,0
Command_and_control,Optimization_problem,0.0,0
Command_and_control,Sect,0.0,0.5621921933887316
Command_and_control,Smoothness,0.0,0
Command_and_control,Statistical_hypothesis_testing,0.0,0
Command_and_control,Step_function,0.0,0
Command_and_control,Total_order,0.0,0
Command_and_control,United_Nations_Convention_on_the_Law_of_the_Sea,0.0,0
Command_and_control,Wealth,0.0,0
Command_and_control,Academic_conference,0.0,0
Command_and_control,Academic_publishing,0.0,0
Command_and_control,Algorithm,0.0,0.627766493827074
Complexity,Dimension,0.0,0.4219589961977601
Complexity,Effect_size,0.0,0
Complexity,Film_score,0.0,0
Complexity,Individual,0.0,0.4187987211268329
Complexity,Landing_Craft_Support,0.0,0
Complexity,Master_of_Science,0.0,0
Complexity,Ontology_engineering,0.0,0.43532825842757417
Complexity,Optimization_problem,0.0,0.307734491711569
Complexity,Sect,0.0,0.5418801412310084
Complexity,Smoothness,0.0,0.35312784766757177
Complexity,Statistical_hypothesis_testing,0.0,0.3867475653637567
Complexity,Step_function,0.0,0.41144589754797106
Complexity,Total_order,0.0,0.40116340995208793
Complexity,United_Nations_Convention_on_the_Law_of_the_Sea,0.0,0.5344271900353599
Complexity,Wealth,0.0,0.42502174355234423
Complexity,Academic_conference,0.0,0.5647851428970047
Complexity,Academic_publishing,0.0,0.4412378760256982
Complexity,Algorithm,0.0,0.3327053908697521
Dimension,Effect_size,0.0,0.5280285460672353
Dimension,Film_score,0.0,0.894956210864615
Dimension,Individual,0.0,0.4783392537058758
Dimension,Landing_Craft_Support,0.0,0
Dimension,Master_of_Science,0.0,0
Dimension,Ontology_engineering,0.0,0
Dimension,Optimization_problem,0.0,0.3356708148247693
Dimension,Sect,0.0,0.5971756032686616
Dimension,Smoothness,0.0,0.31554683122031546
Dimension,Statistical_hypothesis_testing,0.0,0.44922218324479574
Dimension,Step_function,0.0,0.33648183524990644
Dimension,Total_order,0.0,0.31682780385452347
Dimension,United_Nations_Convention_on_the_Law_of_the_Sea,0.0,0
Dimension,Wealth,0.0,0.5522692986923605
Dimension,Academic_conference,0.0,0.5392280566250959
Dimension,Academic_publishing,0.0,0
Dimension,Algorithm,0.0,0.38233978051125067
Effect_size,Film_score,0.2850502229587642,0
Effect_size,Individual,0.0,0.4166877236403959
Effect_size,Landing_Craft_Support,0.27430900172208605,0
Effect_size,Master_of_Science,0.1701556783966652,0
Effect_size,Ontology_engineering,0.0,0
Effect_size,Optimization_problem,0.24146682840566291,0
Effect_size,Sect,0.0,0
Effect_size,Smoothness,0.23366180053012275,0
Effect_size,Statistical_hypothesis_testing,0.28332874887169357,0.11762222130468508
Effect_size,Step_function,0.33239103921393753,0.3303905930204634
Effect_size,Total_order,0.0,0
Effect_size,United_Nations_Convention_on_the_Law_of_the_Sea,0.17015567839666518,0
Effect_size,Wealth,0.0,0
Effect_size,Academic_conference,0.1747237438733674,0.5126739168946894
Effect_size,Academic_publishing,0.0,0
Effect_size,Algorithm,0.12912698412698415,0.6142536217348603
Film_score,Individual,0.0,0
Film_score,Landing_Craft_Support,0.21655942762594782,0
Film_score,Master_of_Science,0.15237563123713582,1.004272557121402
Film_score,Ontology_engineering,0.0,0
Film_score,Optimization_problem,0.1593223546561071,0
Film_score,Sect,0.0,0.7171163695822799
Film_score,Smoothness,0.153909571252384,0
Film_score,Statistical_hypothesis_testing,0.30330776771050594,0
Film_score,Step_function,0.1941674215797505,0
Film_score,Total_order,0.0,0
Film_score,United_Nations_Convention_on_the_Law_of_the_Sea,0.15237563123713582,0
Film_score,Wealth,0.0,0.8978997414856331
Film_score,Academic_conference,0.128451674826883,0.7644037378455433
Film_score,Academic_publishing,0.0,0
Film_score,Algorithm,0.09865190365190366,0.8323041377072674
Individual,Landing_Craft_Support,0.0,0
Individual,Master_of_Science,0.0,0
Individual,Ontology_engineering,0.0,0
Individual,Optimization_problem,0.0,0
Individual,Sect,0.0,0.438040421594578
Individual,Smoothness,0.0,0
Individual,Statistical_hypothesis_testing,0.0,0.37089432663598904
Individual,Step_function,0.0,0
Individual,Total_order,0.0,0
Individual,United_Nations_Convention_on_the_Law_of_the_Sea,0.0,0.47122509080622904
Individual,Wealth,0.0,0.36050507266512644
Individual,Academic_conference,0.0,0.571571373067696
Individual,Academic_publishing,0.0,0.4754360005766396
Individual,Algorithm,0.0,0.6151972864698666
Landing_Craft_Support,Master_of_Science,0.14923799869773458,0
Landing_Craft_Support,Ontology_engineering,0.0,0
Landing_Craft_Support,Optimization_problem,0.14948547394259176,0
Landing_Craft_Support,Sect,0.0,0
Landing_Craft_Support,Smoothness,0.14481896461280447,0
Landing_Craft_Support,Statistical_hypothesis_testing,0.177523196411064,0
Landing_Craft_Support,Step_function,0.1779732653902972,0
Landing_Craft_Support,Total_order,0.0,0
Landing_Craft_Support,United_Nations_Convention_on_the_Law_of_the_Sea,0.257753088525972,0
Landing_Craft_Support,Wealth,0.0,0
Landing_Craft_Support,Academic_conference,0.12207729789076255,0
Landing_Craft_Support,Academic_publishing,0.0,0
Landing_Craft_Support,Algorithm,0.09476301476301476,0
Master_of_Science,Ontology_engineering,0.0,0
Master_of_Science,Optimization_problem,0.29828023725128017,0
Master_of_Science,Sect,0.0,0
Master_of_Science,Smoothness,0.1647428949929421,0.6872697519074144
Master_of_Science,Statistical_hypothesis_testing,0.10577765198149278,0.6873161279771173
Master_of_Science,Step_function,0.20845462069182075,0
Master_of_Science,Total_order,0.0,0
Master_of_Science,United_Nations_Convention_on_the_Law_of_the_Sea,0.15491634782755193,0.8068686663655225
Master_of_Science,Wealth,0.0,0.8504838507209287
Master_of_Science,Academic_conference,0.13531602190866884,0.7179837456596015
Master_of_Science,Academic_publishing,0.0,0.6012313896124717
Master_of_Science,Algorithm,0.10373737373737374,0.6403067672224599
Ontology_engineering,Optimization_problem,0.0,0.30238251494270413
Ontology_engineering,Sect,0.0,0
Ontology_engineering,Smoothness,0.0,0
Ontology_engineering,Statistical_hypothesis_testing,0.0,0
Ontology_engineering,Step_function,0.0,0
Ontology_engineering,Total_order,0.0,0
Ontology_engineering,United_Nations_Convention_on_the_Law_of_the_Sea,0.0,0
Ontology_engineering,Wealth,0.0,0
Ontology_engineering,Academic_conference,0.0,0
Ontology_engineering,Academic_publishing,0.0,0.48836870097662255
Ontology_engineering,Algorithm,0.0,0.45484323349808026
Optimization_problem,Sect,0.0,0
Optimization_problem,Smoothness,0.23366180053012275,0.31412251615200115
Optimization_problem,Statistical_hypothesis_testing,0.12806405301254084,0.40065949281336394
Optimization_problem,Step_function,0.33239103921393753,0.2309330543965504
Optimization_problem,Total_order,0.0,0.16836458274747237
Optimization_problem,United_Nations_Convention_on_the_Law_of_the_Sea,0.17015567839666518,0
Optimization_problem,Wealth,0.0,0
Optimization_problem,Academic_conference,0.1747237438733674,0
Optimization_problem,Academic_publishing,0.0,0.5000395174467431
Optimization_problem,Algorithm,0.12912698412698415,0.3321138363528889
Sect,Smoothness,0.0,0
Sect,Statistical_hypothesis_testing,0.0,0
Sect,Step_function,0.0,0
Sect,Total_order,0.0,0
Sect,United_Nations_Convention_on_the_Law_of_the_Sea,0.0,0.5520718621591018
Sect,Wealth,0.0,0.52969268667518
Sect,Academic_conference,0.0,0.5798102354161552
Sect,Academic_publishing,0.0,0.5942305014674631
Sect,Algorithm,0.0,0.6946921333165341
Smoothness,Statistical_hypothesis_testing,0.12397362341708196,0
Smoothness,Step_function,0.7726039059139752,0.23509965255827164
Smoothness,Total_order,0.0,0.28853114038580524
Smoothness,United_Nations_Convention_on_the_Law_of_the_Sea,0.16474289499294206,0.46377283062221586
Smoothness,Wealth,0.0,0.4477526035510034
Smoothness,Academic_conference,0.16931096046964428,0
Smoothness,Academic_publishing,0.0,0
Smoothness,Algorithm,0.5084354539232164,0.43290135747297276
Statistical_hypothesis_testing,Step_function,0.14877067313987907,0.36984079096705075
Statistical_hypothesis_testing,Total_order,0.0,0.4160760010815761
Statistical_hypothesis_testing,United_Nations_Convention_on_the_Law_of_the_Sea,0.10577765198149278,0
Statistical_hypothesis_testing,Wealth,0.0,0
Statistical_hypothesis_testing,Academic_conference,0.1076327765681457,0.47139366148610495
Statistical_hypothesis_testing,Academic_publishing,0.0,0.39830879594538204
Statistical_hypothesis_testing,Algorithm,0.08451881451881452,0.44697852160849433
Step_function,Total_order,0.0,0.23304376847232225
Step_function,United_Nations_Convention_on_the_Law_of_the_Sea,0.20845462069182075,0
Step_function,Wealth,0.0,0
Step_function,Academic_conference,0.21467497215747078,0
Step_function,Academic_publishing,0.0,0
Step_function,Algorithm,0.15387896825396824,0.42989026976151185
Total_order,United_Nations_Convention_on_the_Law_of_the_Sea,0.0,0
Total_order,Wealth,0.0,0
Total_order,Academic_conference,0.0,0
Total_order,Academic_publishing,0.0,0
Total_order,Algorithm,0.0,0.3858103350633758
United_Nations_Convention_on_the_Law_of_the_Sea,Wealth,0.0,0.5256706629183328
United_Nations_Convention_on_the_Law_of_the_Sea,Academic_conference,0.5950372198483754,0
United_Nations_Convention_on_the_Law_of_the_Sea,Academic_publishing,0.0,0.5196275719201011
United_Nations_Convention_on_the_Law_of_the_Sea,Algorithm,0.10373737373737374,0
Wealth,Academic_conference,0.0,0
Wealth,Academic_publishing,0.0,0.4535332927353293
Wealth,Algorithm,0.0,0
Academic_conference,Academic_publishing,0.0,0.2646289601747589
Academic_conference,Algorithm,0.10575757575757576,0.596783740976465
Academic_publishing,Algorithm,0.0,0.5159905797693428
